{"chunk_definitions":[{"chunk_id":"c4jtd294km0wa","chunk_label":"unnamed-chunk-1","document_id":"EB86C809","expansion_state":0,"options":{"engine":"r","label":"unnamed-chunk-101"},"row":34,"row_count":1,"visible":true},{"chunk_id":"cj0xfqn0fadah","chunk_label":"unnamed-chunk-2","document_id":"EB86C809","expansion_state":0,"options":{"engine":"r","label":"unnamed-chunk-102"},"row":59,"row_count":1,"visible":true},{"chunk_id":"c7t7y3od8rau1","chunk_label":"unnamed-chunk-3","document_id":"EB86C809","expansion_state":0,"options":{"engine":"r","label":"unnamed-chunk-103"},"row":80,"row_count":1,"visible":true},{"chunk_id":"ck4c5tqirnzx9","chunk_label":"unnamed-chunk-4","document_id":"EB86C809","expansion_state":0,"options":{"engine":"r","label":"unnamed-chunk-104"},"row":95,"row_count":1,"visible":true},{"chunk_id":"crgbalw03dzd3","chunk_label":"unnamed-chunk-5","document_id":"EB86C809","expansion_state":0,"options":{"engine":"r","label":"unnamed-chunk-105"},"row":110,"row_count":1,"visible":true},{"chunk_id":"c97kd3oami42d","chunk_label":"unnamed-chunk-6","document_id":"EB86C809","expansion_state":0,"options":{"engine":"r","label":"unnamed-chunk-106"},"row":124,"row_count":1,"visible":true},{"chunk_id":"cmuc14izacxk7","chunk_label":"unnamed-chunk-7","document_id":"EB86C809","expansion_state":0,"options":{"engine":"r","label":"unnamed-chunk-107"},"row":141,"row_count":1,"visible":true},{"chunk_id":"ct3x3gyoasjfq","chunk_label":"unnamed-chunk-8","document_id":"EB86C809","expansion_state":0,"options":{"engine":"r","label":"unnamed-chunk-108"},"row":160,"row_count":1,"visible":true},{"chunk_id":"c9e5s3jfsshfs","chunk_label":"unnamed-chunk-9","document_id":"EB86C809","expansion_state":0,"options":{"engine":"r","label":"unnamed-chunk-109"},"row":179,"row_count":1,"visible":true},{"chunk_id":"cy8eagu5haugi","chunk_label":"unnamed-chunk-10","document_id":"EB86C809","expansion_state":0,"options":{"engine":"r","label":"unnamed-chunk-112"},"row":217,"row_count":1,"visible":true},{"chunk_id":"ca8k8ktdxwt9t","chunk_label":"unnamed-chunk-11","document_id":"EB86C809","expansion_state":0,"options":{"engine":"r","label":"unnamed-chunk-111"},"row":223,"row_count":1,"visible":true}],"doc_write_time":1540499997}