{"chunk_definitions":[{"chunk_id":"csetup_chunk","chunk_label":"setup","document_id":"4E7BAB69","expansion_state":0,"options":{"engine":"r","include":false,"label":"setup"},"row":15,"row_count":1,"visible":true},{"chunk_id":"caa8p566h0x5b","chunk_label":"unnamed-chunk-5","document_id":"4E7BAB69","expansion_state":0,"options":{"engine":"r","label":"unnamed-chunk-21"},"row":142,"row_count":1,"visible":true}],"default_chunk_options":{"echo":true,"error":false},"doc_write_time":1544471367,"working_dir":null}