{"chunk_definitions":[{"chunk_id":"csetup_chunk","chunk_label":"setup","document_id":"73A461FF","expansion_state":0,"options":{"engine":"r","include":false,"label":"setup"},"row":16,"row_count":1,"visible":true},{"chunk_id":"ch22pszqmrgd4","chunk_label":"unnamed-chunk-4","document_id":"73A461FF","expansion_state":0,"options":{"engine":"r","label":"unnamed-chunk-2"},"row":70,"row_count":1,"visible":true},{"chunk_id":"ckucjp9eax39e","chunk_label":"unnamed-chunk-5","document_id":"73A461FF","expansion_state":0,"options":{"engine":"r","label":"unnamed-chunk-5"},"row":77,"row_count":1,"visible":true}],"chunk_rendered_width":400,"default_chunk_options":{"echo":true,"error":false},"doc_write_time":1544548772,"working_dir":null}