{"chunk_definitions":[{"chunk_id":"c0eyhnf00afms","chunk_label":"unnamed-chunk-1","document_id":"8012A917","expansion_state":0,"options":{"engine":"r","label":"unnamed-chunk-18"},"row":34,"row_count":1,"visible":true},{"chunk_id":"cmang8zm5xwyr","chunk_label":"unnamed-chunk-2","document_id":"8012A917","expansion_state":0,"options":{"engine":"r","label":"unnamed-chunk-19"},"row":57,"row_count":1,"visible":true},{"chunk_id":"cmq39rkdhd9js","chunk_label":"unnamed-chunk-3","document_id":"8012A917","expansion_state":0,"options":{"engine":"r","label":"unnamed-chunk-20"},"row":76,"row_count":1,"visible":true},{"chunk_id":"c5x9uv1skxbzh","chunk_label":"unnamed-chunk-4","document_id":"8012A917","expansion_state":0,"options":{"engine":"r","label":"unnamed-chunk-21"},"row":89,"row_count":1,"visible":true},{"chunk_id":"cj1y1gtnrsch7","chunk_label":"unnamed-chunk-5","document_id":"8012A917","expansion_state":0,"options":{"engine":"r","label":"unnamed-chunk-22"},"row":101,"row_count":1,"visible":true},{"chunk_id":"cw1zh5ftydvo1","chunk_label":"unnamed-chunk-6","document_id":"8012A917","expansion_state":0,"options":{"engine":"r","label":"unnamed-chunk-23"},"row":113,"row_count":1,"visible":true},{"chunk_id":"cwq8t3cuxc593","chunk_label":"unnamed-chunk-7","document_id":"8012A917","expansion_state":0,"options":{"engine":"r","label":"unnamed-chunk-24"},"row":130,"row_count":1,"visible":true},{"chunk_id":"cgzwbu8t4qbzg","chunk_label":"unnamed-chunk-8","document_id":"8012A917","expansion_state":0,"options":{"engine":"r","label":"unnamed-chunk-25"},"row":149,"row_count":1,"visible":true},{"chunk_id":"c0kt7j9wdt7tt","chunk_label":"}","document_id":"8012A917","expansion_state":0,"options":{"engine":"r}","label":"unnamed-chunk-28"},"row":162,"row_count":1,"visible":true},{"chunk_id":"cfjzzs8bzprxv","chunk_label":"unnamed-chunk-9","document_id":"8012A917","expansion_state":0,"options":{"engine":"r","label":"unnamed-chunk-27"},"row":198,"row_count":1,"visible":true},{"chunk_id":"c4nf4p0af0p9b","chunk_label":"unnamed-chunk-10","document_id":"8012A917","expansion_state":0,"options":{"engine":"r","label":"unnamed-chunk-12"},"row":204,"row_count":1,"visible":true}],"chunk_rendered_width":700,"doc_write_time":1540327454}