"0","ggplot(maunaLoa) +"
"0","  geom_line(aes(x = decimaldate, y = interpolated), color = ""red"") +"
"0","  geom_line(aes(x=decimaldate, y = trend)) +"
"0","  labs(x = ""YEAR"", y = ""PARTS PER MILLION"") +"
"0","  ylim(310,410) +"
"0","  ggtitle(""Atmospheric CO2 At Mauna Loa Observatory"") +"
"0","  theme(panel.background = element_rect(fill = 'white', colour = 'Black')) +"
"0","  scale_x_continuous(breaks=seq(1960,2020 ,by = 10, lim = c(1958, 2020) )) + "
"0","  theme(axis.ticks.length=unit(-.5, ""cm""))"
"2","In seq.default(1960, 2020, by = 10, lim = c(1958, 2020)) :
 extra argument ‘lim’ will be disregarded"
