"0","usPOPages <- rbind("
"0","fromJSON(""http://api.population.io/1.0/population/1950/United%20States/?format=json""),"
"0","fromJSON(""http://api.population.io/1.0/population/1960/United%20States/?format=json""),"
"0","fromJSON(""http://api.population.io/1.0/population/1970/United%20States/?format=json""),"
"0","fromJSON(""http://api.population.io/1.0/population/1980/United%20States/?format=json""),"
"0","fromJSON(""http://api.population.io/1.0/population/1990/United%20States/?format=json""),"
"0","fromJSON(""http://api.population.io/1.0/population/2000/United%20States/?format=json""),"
"0","fromJSON(""http://api.population.io/1.0/population/2010/United%20States/?format=json""),"
"0","fromJSON(""http://api.population.io:80/1.0/population/2015/United%20States/"")) %>%"
"0","   select(year, age, females, males, total)"
"0","glimpse(usPOPages)"
"1","Observations: 808
"
"1","Variables: 5
"
"1","$ year    <int> 1950, 1950, 1950, 1950, 1950, 1950, 1950, 1950, 1950, 1950, 1950, 1950, 1950, 1950, 1950, 1950, 1950, 1950, 1950, 19...
"
"1","$ age     <int> 0, 1, 2, 3, 4, 5, 6, 7, 8, 9, 10, 11, 12, 13, 14, 15, 16, 17, 18, 19, 20, 21, 22, 23, 24, 25, 26, 27, 28, 29, 30, 31...
"
"1","$ females <int> 1840000, 1760000, 1682000, 1607000, 1535000, 1467000, 1403000, 1343000, 1288000, 1239000, 1195000, 1156000, 1126000,...
"
"1","$ males   <int> 1923000, 1840000, 1760000, 1682000, 1607000, 1535000, 1467000, 1404000, 1345000, 1292000, 1244000, 1200000, 1167000,...
"
"1","$ total   <int> 3763000, 3600000, 3442000, 3289000, 3142000, 3002000, 2870000, 2747000, 2634000, 2532000, 2439000, 2357000, 2293000,...
"
