{"chunk_definitions":[{"chunk_id":"csetup_chunk","chunk_label":"setup","document_id":"74677B3D","expansion_state":0,"options":{"engine":"r","include":false,"label":"setup"},"row":10,"row_count":1,"visible":true},{"chunk_id":"cwc1iadmr0se4","chunk_label":"unnamed-chunk-1","document_id":"74677B3D","expansion_state":0,"options":{"engine":"r","label":"unnamed-chunk-13"},"row":17,"row_count":1,"visible":true}],"default_chunk_options":{"echo":true,"error":false},"doc_write_time":1543354182,"working_dir":null}