"0","teenrates <- read.csv(""https://data.cdc.gov/api/views/3h58-x6cd/rows.csv"") %>%"
"0","  filter(Year == 2005 | Year == 2015) %>%"
"0","  mutate_if(is.factor, tolower) "
"0","counties <- map_data(""county"") %>%"
"0","  rename(State = region, County = subregion)"
"0","dataWNC <- merge(teenrates, counties, by = c(""County"", ""State"")) %>%"
"0","  select(-Combined.FIPS.Code, -State.FIPS.Code, -County.FIPS.Code, -order)"
"0","glimpse(dataWNC)"
"1","Observations: 175,338
"
"1","Variables: 9
"
"1","$ County                 <chr> ""abbeville"", ""abbeville"", ""abbeville"", ""abbeville"",...
"
"1","$ State                  <chr> ""south carolina"", ""south carolina"", ""south carolina...
"
"1","$ Year                   <int> 2005, 2005, 2005, 2005, 2005, 2005, 2005, 2005, 200...
"
"1","$ Birth.Rate             <dbl> 43.35111, 43.35111, 43.35111, 43.35111, 43.35111, 4...
"
"1","$ Lower.Confidence.Limit <dbl> 38.05909, 38.05909, 38.05909, 38.05909, 38.05909, 3...
"
"1","$ Upper.Confidence.Limit <dbl> 49.04634, 49.04634, 49.04634, 49.04634, 49.04634, 4...
"
"1","$ long                   <dbl> -82.36842, -82.41425, -82.46581, -82.47727, -82.488...
"
"1","$ lat                    <dbl> 34.06234, 34.06234, 34.08526, 34.08526, 34.08526, 3...
"
"1","$ group                  <dbl> 2285, 2285, 2285, 2285, 2285, 2285, 2285, 2285, 228...
"
