"0","usPOPages <- rbind("
"0","fromJSON(""http://api.population.io/1.0/population/1950/United%20States/?format=json""),"
"0","fromJSON(""http://api.population.io/1.0/population/1960/United%20States/?format=json""),"
"0","fromJSON(""http://api.population.io/1.0/population/1970/United%20States/?format=json""),"
"0","fromJSON(""http://api.population.io/1.0/population/1980/United%20States/?format=json""),"
"0","fromJSON(""http://api.population.io/1.0/population/1990/United%20States/?format=json""),"
"0","fromJSON(""http://api.population.io/1.0/population/2000/United%20States/?format=json""),"
"0","fromJSON(""http://api.population.io/1.0/population/2010/United%20States/?format=json""),"
"0","fromJSON(""http://api.population.io:80/1.0/population/2015/United%20States/"")) %>%"
"0","   select(year, age, females, males, total)"
"2","Error in fromJSON(""http://api.population.io/1.0/population/1950/United%20States/?format=json"") : 
  could not find function ""fromJSON""
"
