"0","summary <- summarise(globalDaily, "
"0","                     mean = mean(trend))"
"0","print(summary)"
"1"," "
"1","     mean"
"1","
1"
"1"," 395.2648"
"1","
"
"0","p1 <- ggplot(globalDaily, aes(x = 1, y = trend, group = year)) +"
"0","  geom_boxplot() +"
"0","  geom_hline(yintercept = 400) +"
"0","  labs(y = ""Parts per Million"") +"
"0","  ggtitle(""Daily Global Atmospheric CO2"") +"
"0","  theme(axis.title.x=element_blank(),"
"0","      axis.text.x=element_blank(),"
"0","      axis.ticks.x=element_blank())"
"0","p2 <- ggplot(globalDaily, aes(x = year, y = mean)) +"
"0","  geom_histogram(stat = ""identity"") +"
"0","  geom_hline(yintercept = 280) +"
"0","  geom_hline(yintercept = 200) +"
"0","  labs(x = ""Year"", y = ""Parts per Million"") +"
"0","  ggtitle(""Daily Global Atmospheric CO2"")"
"2","Ignoring unknown parameters: binwidth, bins, pad"
"0","p3 <- ggplot(globalGrowth, aes(x = year, y = anninc)) +"
"0","  geom_bar(stat = ""identity"") +"
"0","  labs(x = ""Year"", y = ""Annual Increase (parts per million)"") +"
"0","  ggtitle(""Global CO2 Growth"")"
"0","  "
"0","View(globalDaily)"
"0","p1"
