"0","library(scales)"
"0","names(ucr2017)"
"1"," [1]"
"1"," ""Year""           "
"1"," ""Population""     "
"1"," ""Violent""        "
"1"," ""ViolentRate""    "
"1","
"
"1"," [5]"
"1"," ""Murder""         "
"1"," ""MurderRate""     "
"1"," ""RapeRevised""    "
"1"," ""RapeRevisedRate"""
"1","
"
"1"," [9]"
"1"," ""RapeLegacy""     "
"1"," ""RapeLegacyRate"" "
"1"," ""Robbery""        "
"1"," ""RobberyRate""    "
"1","
"
"1","[13]"
"1"," ""Assault""        "
"1"," ""AssaultRate""    "
"1"," ""Property""       "
"1"," ""PropertyRate""   "
"1","
"
"1","[17]"
"1"," ""Burglary""       "
"1"," ""BurglaryRate""   "
"1"," ""Larceny""        "
"1"," ""LarcenyRate""    "
"1","
"
"1","[21]"
"1"," ""Vehicle""        "
"1"," ""VehicleRate""    "
"1","
"
"0","ucr2017 <- group_by(ucr2017,Year)"
"0","ucr2017 <- mutate(ucr2017,TotalCrimes = sum(Violent, Murder, RapeRevised, RapeLegacy, Robbery, Assault, Property, Burglary, Larceny,  na.rm = TRUE))"
"0","ggplot(ucr2017) +"
"0","  geom_bar(aes(x = Year, y = RapeLegacyRate),stat = ""identity"",fill = ""lightblue"") +"
"0","  geom_bar(aes(x = Year, y = RapeRevisedRate), stat = ""identity"", fill = ""darkblue"") +"
"0","  geom_vline(xintercept = 2012.5) +"
"0","  ggtitle(""Rape Rates Before (Light Blue) and After (Dark Blue) Defintion Change"") +"
"0","  ylab(""Rape Rates"")"
