{"chunk_definitions":[{"chunk_id":"csetup_chunk","chunk_label":"setup","document_id":"74677B3D","expansion_state":0,"options":{"engine":"r","include":false,"label":"setup"},"row":13,"row_count":1,"visible":true},{"chunk_id":"cfndvs1cubutd","chunk_label":"unnamed-chunk-1","document_id":"6CAD7ED7","expansion_state":0,"options":{"engine":"r","label":"unnamed-chunk-53"},"row":46,"row_count":1,"visible":true},{"chunk_id":"cfhbbi0r6pqss","chunk_label":"unnamed-chunk-2","document_id":"6CAD7ED7","expansion_state":0,"options":{"engine":"r","label":"unnamed-chunk-3"},"row":58,"row_count":1,"visible":true},{"chunk_id":"c2jd0uj2ct7j5","chunk_label":"unnamed-chunk-3","document_id":"6CAD7ED7","expansion_state":0,"options":{"engine":"r","label":"unnamed-chunk-4"},"row":72,"row_count":1,"visible":true},{"chunk_id":"cnh8rdv7z4kwz","chunk_label":"unnamed-chunk-4","document_id":"74677B3D","expansion_state":0,"options":{"engine":"r","label":"unnamed-chunk-74"},"row":105,"row_count":1,"visible":true}],"default_chunk_options":{"echo":true,"error":false},"doc_write_time":1544394884,"working_dir":null}