{"chunk_definitions":[{"chunk_id":"csetup_chunk","chunk_label":"setup","document_id":"8FB7C19B","expansion_state":0,"options":{"engine":"r","include":false,"label":"setup"},"row":18,"row_count":1,"visible":true},{"chunk_id":"c5g1cnk548g0i","chunk_label":"unnamed-chunk-1","document_id":"8FB7C19B","expansion_state":0,"options":{"engine":"r","label":"unnamed-chunk-1"},"row":129,"row_count":1,"visible":true},{"chunk_id":"c5btk6lfknmfe","chunk_label":"unnamed-chunk-2","document_id":"8FB7C19B","expansion_state":0,"options":{"echo":false,"engine":"r","label":"unnamed-chunk-4"},"row":192,"row_count":1,"visible":true}],"doc_write_time":1540485637}