{"chunk_definitions":[{"chunk_id":"c80xxvpnw7t5r","chunk_label":"unnamed-chunk-1","document_id":"EB86C809","expansion_state":0,"options":{"engine":"r","label":"unnamed-chunk-7"},"row":29,"row_count":1,"visible":true},{"chunk_id":"cxi52yxpn115w","chunk_label":"unnamed-chunk-2","document_id":"EB86C809","expansion_state":0,"options":{"engine":"r","label":"unnamed-chunk-3"},"row":44,"row_count":1,"visible":true},{"chunk_id":"cs1bj8y2dv2ff","chunk_label":"unnamed-chunk-3","document_id":"EB86C809","expansion_state":0,"options":{"engine":"r","label":"unnamed-chunk-4"},"row":52,"row_count":1,"visible":true},{"chunk_id":"cp3kbdida6jzh","chunk_label":"unnamed-chunk-4","document_id":"EB86C809","expansion_state":0,"options":{"engine":"r","label":"unnamed-chunk-5"},"row":59,"row_count":1,"visible":true},{"chunk_id":"c5s1sgkjvsm2q","chunk_label":"unnamed-chunk-5","document_id":"EB86C809","expansion_state":0,"options":{"engine":"r","label":"unnamed-chunk-6"},"row":68,"row_count":1,"visible":true},{"chunk_id":"ctt7jgozxlapz","chunk_label":"unnamed-chunk-6","document_id":"EB86C809","expansion_state":0,"options":{"engine":"r","label":"unnamed-chunk-16"},"row":92,"row_count":1,"visible":true},{"chunk_id":"cyxthvaydtqtz","chunk_label":"unnamed-chunk-7","document_id":"EB86C809","expansion_state":0,"options":{"engine":"r","label":"unnamed-chunk-14"},"row":112,"row_count":1,"visible":true}],"doc_write_time":1539722612}