"0","globalDaily2 <- globalDaily %>%"
"0","  filter(year < 2018) %>%"
"0","  group_by(year) %>%"
"0","  summarize(mean = mean(trend))"
"0","p1 <- ggplot(globalDaily, aes(x = 1, y = trend, group = year)) +"
"0","  geom_boxplot() +"
"0","  geom_hline(yintercept = 400) +"
"0","  labs(y = ""Parts per Million"") +"
"0","  ggtitle(expression(""Daily Global Atmospheric CO""[2]*"""")) +"
"0","  theme(axis.title.x=element_blank(),"
"0","      axis.text.x=element_blank(),"
"0","      axis.ticks.x=element_blank())"
"0","p2 <- ggplot(globalDaily2, aes(x = year, y = mean)) +"
"0","  geom_bar(stat = ""identity"") +"
"0","  geom_hline(yintercept = 280) +"
"0","  geom_hline(yintercept = 200) +"
"0","  labs(x = ""Year"", y = ""Parts per Million"") +"
"0","  ggtitle(expression(""Daily Global Atmospheric CO""[2]*""""))"
"0","p3 <- ggplot(globalGrowth, aes(x = year, y = anninc)) +"
"0","  geom_bar(stat = ""identity"") +"
"0","  labs(x = ""Year"", y = ""Annual Increase (parts per million)"") +"
"0","  ggtitle(expression(""Global CO""[2]* ""Growth"")) +"
"0","  geom_errorbar(aes(ymin = anninc - unc, ymax = anninc + unc), width = .2, position = position_dodge(.9))"
"0","grid.arrange(p1, p2, p3)"
