{"chunk_definitions":[{"chunk_id":"csetup_chunk","chunk_label":"setup","document_id":"166B0A08","expansion_state":0,"options":{"engine":"r","include":false,"label":"setup"},"row":14,"row_count":1,"visible":true},{"chunk_id":"cd064hxttwpf7","chunk_label":"unnamed-chunk-1","document_id":"166B0A08","expansion_state":0,"options":{"engine":"r","label":"unnamed-chunk-1"},"row":87,"row_count":1,"visible":true}],"default_chunk_options":{"echo":true,"error":false},"doc_write_time":1543525120,"working_dir":null}