{"chunk_definitions":[{"chunk_id":"cs3u1wsp3yu53","chunk_label":"unnamed-chunk-1","document_id":"EB86C809","expansion_state":0,"options":{"engine":"r","label":"unnamed-chunk-52"},"row":34,"row_count":1,"visible":true},{"chunk_id":"cpuw39ibpx3wb","chunk_label":"unnamed-chunk-2","document_id":"EB86C809","expansion_state":0,"options":{"engine":"r","label":"unnamed-chunk-53"},"row":57,"row_count":1,"visible":true},{"chunk_id":"c41dq7aj6bu5a","chunk_label":"unnamed-chunk-3","document_id":"EB86C809","expansion_state":0,"options":{"engine":"r","label":"unnamed-chunk-54"},"row":76,"row_count":1,"visible":true},{"chunk_id":"cwpaujbbefmag","chunk_label":"unnamed-chunk-4","document_id":"EB86C809","expansion_state":0,"options":{"engine":"r","label":"unnamed-chunk-55"},"row":89,"row_count":1,"visible":true},{"chunk_id":"cfp4pxvkz3z0g","chunk_label":"unnamed-chunk-5","document_id":"EB86C809","expansion_state":0,"options":{"engine":"r","label":"unnamed-chunk-56"},"row":101,"row_count":1,"visible":true},{"chunk_id":"c2dww95246yve","chunk_label":"unnamed-chunk-7","document_id":"EB86C809","expansion_state":0,"options":{"engine":"r","label":"unnamed-chunk-57"},"row":130,"row_count":1,"visible":true},{"chunk_id":"cy9vp99pr6tms","chunk_label":"unnamed-chunk-8","document_id":"EB86C809","expansion_state":0,"options":{"engine":"r","label":"unnamed-chunk-58"},"row":149,"row_count":1,"visible":true},{"chunk_id":"cy8e8yha4zlk5","chunk_label":"unnamed-chunk-9","document_id":"EB86C809","expansion_state":0,"options":{"engine":"r","label":"unnamed-chunk-64"},"row":178,"row_count":1,"visible":true}],"chunk_rendered_width":700,"doc_write_time":1539894741}