{"chunk_definitions":[{"chunk_id":"csetup_chunk","chunk_label":"setup","document_id":"28810CEE","expansion_state":0,"options":{"engine":"r","include":false,"label":"setup"},"row":16,"row_count":1,"visible":true},{"chunk_id":"cec6s2w0ho8d4","chunk_label":"unnamed-chunk-4","document_id":"28810CEE","expansion_state":0,"options":{"engine":"r","label":"unnamed-chunk-6"},"row":70,"row_count":1,"visible":true},{"chunk_id":"cimj8bfeb1x9l","chunk_label":"unnamed-chunk-5","document_id":"28810CEE","expansion_state":0,"options":{"engine":"r","label":"unnamed-chunk-5"},"row":77,"row_count":1,"visible":true}],"default_chunk_options":{"echo":true,"error":false},"doc_write_time":1544548736,"working_dir":null}