"0","ucr2017 <- read_excel(""table_1.xls"", range = ""A4:V24"")"
"0","names(ucr2017)[names(ucr2017) == ""Year""] <- ""Year"""
"0","names(ucr2017)[names(ucr2017) == ""Population1""] <- ""Population"""
"0","names(ucr2017)[names(ucr2017) == ""Violent\ncrime2""] <- ""Violent"""
"0","names(ucr2017)[names(ucr2017) == ""Violent \ncrime \nrate""] <- ""ViolentRate"""
"0","names(ucr2017)[names(ucr2017) == ""Murder and\nnonnegligent \nmanslaughter""] <- ""Murder"""
"0","names(ucr2017)[names(ucr2017) == ""Murder and \nnonnegligent \nmanslaughter \nrate""] <- ""MurderRate"""
"0","names(ucr2017)[names(ucr2017) == ""Rape\n(revised \ndefinition)3""] <- ""RapeRevised"""
"0","names(ucr2017)[names(ucr2017) == ""Rape\n(revised \ndefinition) \nrate3""] <- ""RapeRevisedRate"""
"0","names(ucr2017)[names(ucr2017) == ""Rape\n(legacy \ndefinition)4""] <- ""RapeLegacy"""
"0","names(ucr2017)[names(ucr2017) == ""Rape\n(legacy \ndefinition) \nrate4""] <- ""RapeLegacyRate"""
"0","names(ucr2017)[names(ucr2017) == ""Robbery""] <- ""Robbery"""
"0","names(ucr2017)[names(ucr2017) == ""Robbery \nrate""] <- ""RobberyRate"""
"0","names(ucr2017)[names(ucr2017) == ""Aggravated \nassault""] <- ""Assault"""
"0","names(ucr2017)[names(ucr2017) == ""Aggravated \nassault rate""] <- ""AssaultRate"""
"0","names(ucr2017)[names(ucr2017) == ""Property \ncrime""] <- ""Property"""
"0","names(ucr2017)[names(ucr2017) == ""Property \ncrime \nrate""] <- ""PropertyRate"""
"0","names(ucr2017)[names(ucr2017) == ""Burglary""] <- ""Burglary"""
"0","names(ucr2017)[names(ucr2017) == ""Burglary \nrate""] <- ""BurglaryRate"""
"0","names(ucr2017)[names(ucr2017) == ""Larceny-\ntheft""] <- ""Larceny"""
"0","names(ucr2017)[names(ucr2017) == ""Larceny-\ntheft rate""] <- ""LarcenyRate"""
"0","names(ucr2017)[names(ucr2017) == ""Motor \nvehicle \ntheft""] <- ""Vehicle"""
"0","names(ucr2017)[names(ucr2017) == ""Motor \nvehicle \ntheft \nrate""] <- ""VehicleRate"""
"0","glimpse(ucr2017)"
"1","Observations: 20
"
"1","Variables: 22
"
"1","$ Year            <chr> ""1998"", ""1999"", ""2000"", ""20015"", ""2002"", ""2003"", ""2004"", ""200...
"
"1","$ Population      <dbl> 270248003, 272690813, 281421906, 285317559, 287973924, 290788...
"
"1","$ Violent         <dbl> 1533887, 1426044, 1425486, 1439480, 1423677, 1383676, 1360088...
"
"1","$ ViolentRate     <dbl> 567.6, 523.0, 506.5, 504.5, 494.4, 475.8, 463.2, 469.0, 479.3...
"
"1","$ Murder          <dbl> 16974, 15522, 15586, 16037, 16229, 16528, 16148, 16740, 17309...
"
"1","$ MurderRate      <dbl> 6.3, 5.7, 5.5, 5.6, 5.6, 5.7, 5.5, 5.6, 5.8, 5.7, 5.4, 5.0, 4...
"
"1","$ RapeRevised     <dbl> NA, NA, NA, NA, NA, NA, NA, NA, NA, NA, NA, NA, NA, NA, NA, 1...
"
"1","$ RapeRevisedRate <dbl> NA, NA, NA, NA, NA, NA, NA, NA, NA, NA, NA, NA, NA, NA, NA, 3...
"
"1","$ RapeLegacy      <dbl> 93144, 89411, 90178, 90863, 95235, 93883, 95089, 94347, 94472...
"
"1","$ RapeLegacyRate  <dbl> 34.5, 32.8, 32.0, 31.8, 33.1, 32.3, 32.4, 31.8, 31.6, 30.6, 2...
"
"1","$ Robbery         <dbl> 447186, 409371, 408016, 423557, 420806, 414235, 401470, 41743...
"
"1","$ RobberyRate     <dbl> 165.5, 150.1, 145.0, 148.5, 146.1, 142.5, 136.7, 140.8, 150.0...
"
"1","$ Assault         <dbl> 976583, 911740, 911706, 909023, 891407, 859030, 847381, 86222...
"
"1","$ AssaultRate     <dbl> 361.4, 334.3, 324.0, 318.6, 309.5, 295.4, 288.6, 290.8, 292.0...
"
"1","$ Property        <dbl> 10951827, 10208334, 10182584, 10437189, 10455277, 10442862, 1...
"
"1","$ PropertyRate    <dbl> 4052.5, 3743.6, 3618.3, 3658.1, 3630.6, 3591.2, 3514.1, 3431....
"
"1","$ Burglary        <dbl> 2332735, 2100739, 2050992, 2116531, 2151252, 2154834, 2144446...
"
"1","$ BurglaryRate    <dbl> 863.2, 770.4, 728.8, 741.8, 747.0, 741.0, 730.3, 726.9, 733.1...
"
"1","$ Larceny         <dbl> 7376311, 6955520, 6971590, 7092267, 7057379, 7026802, 6937089...
"
"1","$ LarcenyRate     <dbl> 2729.5, 2550.7, 2477.3, 2485.7, 2450.7, 2416.5, 2362.3, 2287....
"
"1","$ Vehicle         <dbl> 1242781, 1152075, 1160002, 1228391, 1246646, 1261226, 1237851...
"
"1","$ VehicleRate     <dbl> 459.9, 422.5, 412.2, 430.5, 432.9, 433.7, 421.5, 416.8, 400.2...
"
