"0","maunaWeekly <- maunaWeekly %>%"
"0","  mutate(oneYRchange = CO2ppm -X1yr_ago) %>%"
"0","  mutate(tenYRchange = CO2ppm -X10yr_ago) %>%"
"0","  filter(X1yr_ago > 0, CO2ppm > 0, X10yr_ago > 0, decimal >= 2000)"
"0","ggplot(maunaWeekly) +"
"0","  geom_line(aes(x = decimal, y = oneYRchange ), color = ""blue"") +"
"0","  geom_line(aes(x = decimal, y = tenYRchange), color = ""red"") +"
"0","  geom_line(aes(x = decimal, y = since1800), color =""purple"") +"
"0","  labs(x = ""Time"", y = ""Change"") +"
"0","  ggtitle(""Mauna Loa Weekly Atmospheric CO2: 2000-Present"") +"
"0","  theme(panel.background = element_rect(fill = 'white', colour = 'Black'))"
