{"chunk_definitions":[{"chunk_id":"csetup_chunk","chunk_label":"setup","document_id":"74677B3D","expansion_state":0,"options":{"engine":"r","include":false,"label":"setup"},"row":13,"row_count":1,"visible":true},{"chunk_id":"cgksdgcxkbwyy","chunk_label":"unnamed-chunk-1","document_id":"74677B3D","expansion_state":0,"options":{"engine":"r","label":"unnamed-chunk-42"},"row":46,"row_count":1,"visible":true}],"default_chunk_options":{"echo":true,"error":false},"doc_write_time":1543527597,"working_dir":null}