{"chunk_definitions":[{"chunk_id":"csetup_chunk","chunk_label":"setup","document_id":"A3CD4F35","expansion_state":0,"options":{"engine":"r","include":false,"label":"setup"},"row":21,"row_count":1,"visible":true},{"chunk_id":"cze7dl4gm4ktp","chunk_label":"unnamed-chunk-1","document_id":"A3CD4F35","expansion_state":0,"options":{"engine":"r","include":false,"label":"unnamed-chunk-1","message":false,"paged.print":false,"warning":false},"row":132,"row_count":1,"visible":true},{"chunk_id":"cmpewaq8y06u6","chunk_label":"unnamed-chunk-2","document_id":"A3CD4F35","expansion_state":0,"options":{"echo":true,"engine":"r","label":"unnamed-chunk-2"},"row":195,"row_count":1,"visible":true}],"chunk_rendered_width":629,"default_chunk_options":{"error":false,"message":false,"warning":false},"doc_write_time":1540507131,"working_dir":null}