{"chunk_definitions":[{"chunk_id":"csetup_chunk","chunk_label":"setup","document_id":"CC456C23","expansion_state":0,"options":{"engine":"r","include":false,"label":"setup"},"row":26,"row_count":1,"visible":true},{"chunk_id":"cdz4wgdd8r8bc","chunk_label":"unnamed-chunk-3","document_id":"CC456C23","expansion_state":0,"options":{"engine":"r","label":"unnamed-chunk-4"},"row":110,"row_count":1,"visible":true},{"chunk_id":"c4umdh6qmfjgu","chunk_label":"unnamed-chunk-4","document_id":"CC456C23","expansion_state":0,"options":{"engine":"r","label":"unnamed-chunk-3"},"row":134,"row_count":1,"visible":true},{"chunk_id":"ctgiq4b8ftetp","chunk_label":"unnamed-chunk-5","document_id":"CC456C23","expansion_state":0,"options":{"engine":"r","label":"unnamed-chunk-2"},"row":156,"row_count":1,"visible":true},{"chunk_id":"c8kfdfi50k9uz","chunk_label":"unnamed-chunk-6","document_id":"CC456C23","expansion_state":0,"options":{"engine":"r","label":"unnamed-chunk-5"},"row":178,"row_count":1,"visible":true},{"chunk_id":"cgii9mzl36lzs","chunk_label":"unnamed-chunk-9","document_id":"CC456C23","expansion_state":0,"options":{"engine":"r","label":"unnamed-chunk-1"},"row":215,"row_count":1,"visible":true}],"doc_write_time":1544727539}