{"chunk_definitions":[{"chunk_id":"csetup_chunk","chunk_label":"setup","document_id":"3D5154B2","expansion_state":0,"options":{"engine":"r","include":false,"label":"setup"},"row":15,"row_count":1,"visible":true},{"chunk_id":"c8fx25u2kerb5","chunk_label":"unnamed-chunk-4","document_id":"3D5154B2","expansion_state":0,"options":{"engine":"r","label":"unnamed-chunk-6"},"row":122,"row_count":1,"visible":true},{"chunk_id":"c9plwrbdeqniu","chunk_label":"unnamed-chunk-5","document_id":"3D5154B2","expansion_state":0,"options":{"engine":"r","label":"unnamed-chunk-5"},"row":142,"row_count":1,"visible":true}],"chunk_rendered_width":666,"default_chunk_options":{"echo":true,"error":false},"doc_write_time":1544471367,"working_dir":null}