"0","## import data"
"0","library(readxl)"
"0","library(dplyr)"
"0","pass_16_17 <- read_xlsx(""pass_16_17.xlsx"")"
"0","win_pct_16_17 <- read_xlsx(""win_pct_16.xlsx"")"
"0","turn_gain_16_17 <- read_xlsx(""turn_gain_16.xlsx"")"
"0","rushing_16_17 <- read_xlsx(""rushing_16_17.xlsx"")"
"0","win_pct_17_18 <- read_xlsx(""win_pct_17_18.xlsx"")"
"0","rushing_17_18 <- read_xlsx(""rushing_1718.xlsx"")"
"0","turn_gain_17_18 <- read_xlsx(""turnover_gain_17_18.xlsx"")"
"0","pass_17_18 <- read_xlsx(""passing17_18.xlsx"")"
"0","weight <- read.csv(""PercentDiffMean.csv"")"
