"0","ditch_the_axes <- theme("
"0","  axis.text = element_blank(),"
"0","  axis.line = element_blank(),"
"0","  axis.ticks = element_blank(),"
"0","  panel.border = element_blank(),"
"0","  panel.grid = element_blank(),"
"0","  axis.title = element_blank())"
"0","cnames <- aggregate(cbind(long, lat) ~ County, "
"0","                    data = dataWNC, "
"0","                    FUN = function(x)median(range(x)))"
"0","ggplot() + "
"0","  geom_polygon(data = dataWNC, aes(x=long, y = lat, group = group, fill = Birth.Rate)) +"
"0","  facet_grid(~ Year) +"
"0","  coord_fixed(1.5) +"
"0","  ditch_the_axes +"
"0","  geom_text(data = cnames, aes(x = long, y = lat, label = County), size = 3) +"
"0","  scale_fill_continuous(low = ""pink"", high = ""darkred"") +"
"0","  ggtitle(""Birth Rate Comparison of Western NC"")"
