{"chunk_definitions":[{"chunk_id":"csetup_chunk","chunk_label":"setup","document_id":"51A1E070","expansion_state":0,"options":{"engine":"r","include":false,"label":"setup"},"row":13,"row_count":1,"visible":true},{"chunk_id":"c2vnau2x6kf1q","chunk_label":"unnamed-chunk-4","document_id":"51A1E070","expansion_state":0,"options":{"engine":"r","label":"unnamed-chunk-1"},"row":105,"row_count":1,"visible":true}],"chunk_rendered_width":666,"default_chunk_options":{"echo":true,"error":false},"doc_write_time":1544394908,"working_dir":null}