"0","# Read in the datasets and load any necessary packages here"
"0","# Suppress the code and any messages / warnings it produces"
"0","library(ggplot2)"
"0","library(dplyr)"
"0","library(gridExtra)"
"0","maunaLoa <- read.csv(""https://raw.githubusercontent.com/STAT-JET-ASU/DataScience1/master/Projects/CO2monthlyM.csv"")"
"0","maunaWeekly <- read.csv(""https://raw.githubusercontent.com/STAT-JET-ASU/DataScience1/master/Projects/CO2weeklyM.csv"")"
"0","globalMonthly <- read.csv(""https://raw.githubusercontent.com/STAT-JET-ASU/DataScience1/master/Projects/CO2monthlyG.csv"")"
"0","globalDaily <- read.csv(""https://raw.githubusercontent.com/STAT-JET-ASU/DataScience1/master/Projects/CO2dailyG.csv"")"
"0","globalGrowth <- read.csv(""https://raw.githubusercontent.com/STAT-JET-ASU/DataScience1/master/Projects/CO2growthG.csv"")"
"0","maunaWeekly <- filter(maunaWeekly, startyear >= 2000)"
