"0","dataWNC3 <- dataWNC2 %>%"
"0","  gather(statname, statvalue, UCL, Rate,LCL)"
"0","glimpse(dataWNC3)"
"1","Observations: 102
"
"1","Variables: 4
"
"1","$ County    <chr> ""avery"", ""avery"", ""buncombe"", ""buncombe"", ""cherokee"", ""cherokee"", ...
"
"1","$ Year      <int> 2005, 2015, 2005, 2015, 2005, 2015, 2005, 2015, 2005, 2015, 2005, ...
"
"1","$ statname  <chr> ""UCL"", ""UCL"", ""UCL"", ""UCL"", ""UCL"", ""UCL"", ""UCL"", ""UCL"", ""UCL"", ""UC...
"
"1","$ statvalue <dbl> 34.52126, 23.60105, 44.37346, 22.38211, 55.89046, 37.25042, 44.219...
"
"0","dataWNC3 %>%"
"0","  filter(Year == 2015) %>%"
"0","  ggplot(aes(reorder(County,-statvalue),statvalue)) +"
"0","  geom_point(aes(color = statname)) +"
"0","  geom_line(aes(group = County)) +"
"0","  coord_flip() +"
"0","  labs(title = ""Birth Rates of Western North Carolina by County"","
"0","       subtitle = ""Source: Centers for Disease Control (CDC)"") +"
"0","  xlab(""Western North Carolina Conties"") +"
"0","  ylab(""Rates with Upper and Lower Confidence Levels"")"
