"0","# Supersetting the multiple dataframes from NCAA and adding our metric"
"0","superset_16_17 <- merge(pass_16_17, win_pct_16_17, by = ""Name"") %>%"
"0","  merge(turn_gain_16_17, by = ""Name"") %>%"
"0","  merge(rushing_16_17, by = ""Name"")"
"0","  "
"0","superset_17_18 <- merge(pass_17_18, win_pct_17_18, by = ""Name"") %>%"
"0","  merge(turn_gain_17_18, by = ""Name"") %>%"
"0","  merge(rushing_17_18, by = ""Name"")"
"0","names(superset_16_17) <- c(""Name"" ,    ""PassTD"" ,  ""Pct"" ,     ""TurnGain"" ,""RushYds"" , ""RushTD"")"
"0","names(superset_17_18) <- c(""Name"" ,    ""PassTD"" ,  ""Pct"" ,     ""TurnGain"" ,""RushYds"" , ""RushTD"")"
"0","superset_16_17 <- mutate(superset_16_17, rankscore = Pct * (.94* PassTD  + .92 *TurnGain + .74 * RushYds + 1.1 * RushTD))"
"0","superset_17_18 <- mutate(superset_17_18, rankscore = Pct * (.94* PassTD  + .92 *TurnGain + .74 * RushYds + 1.1 * RushTD))"
