{"chunk_definitions":[{"chunk_id":"csetup_chunk","chunk_label":"setup","document_id":"74677B3D","expansion_state":0,"options":{"engine":"r","include":false,"label":"setup"},"row":13,"row_count":1,"visible":true},{"chunk_id":"cvn2p6pv4fgbt","chunk_label":"unnamed-chunk-1","document_id":"74677B3D","expansion_state":0,"options":{},"row":46,"row_count":1,"visible":true},{"chunk_id":"cxy4lqoptahcq","chunk_label":"unnamed-chunk-2","document_id":"74677B3D","expansion_state":0,"options":{},"row":58,"row_count":1,"visible":true},{"chunk_id":"cwhi3x59jb3hw","chunk_label":"unnamed-chunk-3","document_id":"74677B3D","expansion_state":0,"options":{},"row":72,"row_count":1,"visible":true},{"chunk_id":"cezcjlwottdit","chunk_label":"unnamed-chunk-4","document_id":"74677B3D","expansion_state":0,"options":{"engine":"r","label":"unnamed-chunk-1"},"row":105,"row_count":1,"visible":true}],"chunk_rendered_width":658,"default_chunk_options":{"echo":true,"error":false},"doc_write_time":1544394908,"working_dir":null}