"0","#Data reprocessing "
"0","#changing 2B to secondB and 3b to thirdB"
"0","names(boston)[18] <- ""secondB"""
"0","names(boston)[19] <- ""thirdB"""
"0","names(newyork)[18] <- ""secondB"""
"0","names(newyork)[19] <- ""thirdB"""
"0","names(cleveland)[18] <- ""secondB"""
"0","names(cleveland)[19] <- ""thirdB"""
"0","names(chicago)[18] <- ""secondB"""
"0","names(chicago)[19] <- ""thirdB"""
"0","names(philly)[18] <- ""secondB"""
"0","names(philly)[19] <- ""thirdB"""
"0","#runs divided by ERA"
"0","boston <- boston %>% "
"0","  mutate( runsDera = (R/G)/ERA)"
"0","newyork <- newyork %>% "
"0","  mutate( runsDera = (R/G)/ERA)"
"0","cleveland <- cleveland %>% "
"0","  mutate( runsDera = (R/G)/ERA)"
"0","chicago <- chicago %>% "
"0","  mutate( runsDera = (R/G)/ERA)"
"0","philly <- philly %>% "
"0","  mutate( runsDera = (R/G)/ERA)"
"0","#errors per game"
"0","boston <- boston %>% "
"0","        mutate(err_gp = (ER/G))"
"0","newyork <- newyork %>% "
"0","  mutate(err_gp = (ER/G))"
"0","cleveland <- cleveland %>% "
"0","  mutate(err_gp = (ER/G))"
"0","chicago <- chicago %>% "
"0","  mutate(err_gp = (ER/G))"
"0","philly <- philly %>% "
"0","  mutate(err_gp = (ER/G))"
"0","#hit per homerun"
"0","boston <- boston %>%"
"0","  mutate(hits_hr = (H/HR)/G)"
"0","newyork <- newyork %>%"
"0","  mutate(hits_hr = (H/HR)/G)"
"0","cleveland <- cleveland %>%"
"0","  mutate(hits_hr = (H/HR)/G)"
"0","chicago <- chicago %>%"
"0","  mutate(hits_hr = (H/HR)/G)"
"0","philly <- philly %>%"
"0","  mutate(hits_hr = (H/HR)/G)"
"0","#wins minus homegames"
"0","boston <- boston %>% "
"0","  mutate(winMhomegames = W - Ghome)"
"0","newyork <- newyork %>% "
"0","  mutate(winMhomegames = W - Ghome)"
"0","cleveland <- cleveland %>% "
"0","  mutate(winMhomegames = W - Ghome)"
"0","chicago <- chicago %>% "
"0","  mutate(winMhomegames = W - Ghome)"
"0","philly <- philly %>% "
"0","  mutate(winMhomegames = W - Ghome)"
"0","#hr per hra"
"0","boston <- boston %>%"
"0","  mutate(hr_hra = (HR/HRA)/G)"
"0","newyork <- newyork %>%"
"0","  mutate(hr_hra = (HR/HRA)/G)"
"0","cleveland <- cleveland %>%"
"0","  mutate(hr_hra = (HR/HRA)/G)"
"0","chicago <- chicago %>%"
"0","  mutate(hr_hra = (HR/HRA)/G)"
"0","philly <- philly %>%"
"0","  mutate(hr_hra = (HR/HRA)/G)"
"0","# hits divided by hits allowed"
"0","boston <- boston %>%"
"0","  mutate(hitsDIVhitallow = (H/HA)/G)"
"0","newyork <- newyork %>%"
"0","  mutate(hitsDIVhitallow = (H/HA)/G)"
"0","cleveland <- cleveland %>%"
"0","  mutate(hitsDIVhitallow = (H/HA)/G)"
"0","chicago <- chicago %>%"
"0","  mutate(hitsDIVhitallow = (H/HA)/G)"
"0","philly <- philly %>%"
"0","  mutate(hitsDIVhitallow = (H/HA)/G)"
"0","#stolen base per caught stealing"
"0","boston <- boston %>%"
"0","  mutate(sb_cs = (SB/CS)/G)"
"0","newyork <- newyork %>%"
"0","  mutate(sb_cs = (SB/CS)/G)"
"0","cleveland <- cleveland %>%"
"0","  mutate(sb_cs = (SB/CS)/G)"
"0","chicago <- chicago %>%"
"0","  mutate(sb_cs = (SB/CS)/G)"
"0","philly <- philly %>%"
"0","  mutate(sb_cs = (SB/CS)/G)"
