{"chunk_definitions":[{"chunk_id":"cfh2ps5t9058g","chunk_label":"unnamed-chunk-1","document_id":"8012A917","expansion_state":0,"options":{"engine":"r","label":"unnamed-chunk-129"},"row":34,"row_count":1,"visible":true},{"chunk_id":"c35ms588ovl8m","chunk_label":"unnamed-chunk-2","document_id":"8012A917","expansion_state":0,"options":{"engine":"r","label":"unnamed-chunk-130"},"row":59,"row_count":1,"visible":true},{"chunk_id":"ciyqpuh6u6h69","chunk_label":"unnamed-chunk-3","document_id":"8012A917","expansion_state":0,"options":{"engine":"r","label":"unnamed-chunk-131"},"row":80,"row_count":1,"visible":true},{"chunk_id":"cfbajfu54wijx","chunk_label":"unnamed-chunk-4","document_id":"8012A917","expansion_state":0,"options":{"engine":"r","label":"unnamed-chunk-132"},"row":95,"row_count":1,"visible":true},{"chunk_id":"c5hvtv9pkxljn","chunk_label":"unnamed-chunk-5","document_id":"8012A917","expansion_state":0,"options":{"engine":"r","label":"unnamed-chunk-133"},"row":110,"row_count":1,"visible":true},{"chunk_id":"clqy2nbp4cqbd","chunk_label":"unnamed-chunk-6","document_id":"8012A917","expansion_state":0,"options":{"engine":"r","label":"unnamed-chunk-134"},"row":124,"row_count":1,"visible":true},{"chunk_id":"coaiucxqyrwy8","chunk_label":"unnamed-chunk-7","document_id":"8012A917","expansion_state":0,"options":{"engine":"r","label":"unnamed-chunk-135"},"row":141,"row_count":1,"visible":true},{"chunk_id":"cpy4g70zsgtih","chunk_label":"unnamed-chunk-8","document_id":"8012A917","expansion_state":0,"options":{"engine":"r","label":"unnamed-chunk-136"},"row":160,"row_count":1,"visible":true},{"chunk_id":"c8i60cpr8egfc","chunk_label":"unnamed-chunk-9","document_id":"8012A917","expansion_state":0,"options":{"engine":"r","label":"unnamed-chunk-137"},"row":179,"row_count":1,"visible":true},{"chunk_id":"cdfr4uxbz9sv4","chunk_label":"unnamed-chunk-10","document_id":"8012A917","expansion_state":0,"options":{"engine":"r","label":"unnamed-chunk-138"},"row":217,"row_count":1,"visible":true},{"chunk_id":"ci6og7hv3qfg9","chunk_label":"unnamed-chunk-11","document_id":"8012A917","expansion_state":0,"options":{"engine":"r","label":"unnamed-chunk-139"},"row":223,"row_count":1,"visible":true}],"doc_write_time":1540499770}