{"chunk_definitions":[{"chunk_id":"csetup_chunk","chunk_label":"setup","document_id":"166B0A08","expansion_state":0,"options":{"engine":"r","include":false,"label":"setup"},"row":15,"row_count":1,"visible":true},{"chunk_id":"ciy0tyc9754aw","chunk_label":"unnamed-chunk-1","document_id":"987ED4E6","expansion_state":0,"options":{"engine":"r","label":"unnamed-chunk-1"},"row":35,"row_count":1,"visible":true},{"chunk_id":"cs2ltwxa8qe9d","chunk_label":"unnamed-chunk-2","document_id":"987ED4E6","expansion_state":0,"options":{"engine":"r","label":"unnamed-chunk-2"},"row":74,"row_count":1,"visible":true},{"chunk_id":"c8g0zk1b3c0p1","chunk_label":"unnamed-chunk-3","document_id":"987ED4E6","expansion_state":0,"options":{"engine":"r","label":"unnamed-chunk-4"},"row":100,"row_count":1,"visible":true},{"chunk_id":"cpj15933ohftr","chunk_label":"unnamed-chunk-4","document_id":"987ED4E6","expansion_state":0,"options":{"engine":"r","label":"unnamed-chunk-5"},"row":122,"row_count":1,"visible":true},{"chunk_id":"c5gvn5zo2l2y4","chunk_label":"unnamed-chunk-5","document_id":"987ED4E6","expansion_state":0,"options":{"engine":"r","label":"unnamed-chunk-6"},"row":142,"row_count":1,"visible":true}],"chunk_rendered_width":400,"default_chunk_options":{"echo":true,"error":false},"doc_write_time":1544471266,"working_dir":null}