"0","dataWNC2 <- dataWNC %>% "
"0","  group_by(County, Year) %>% "
"0","  summarize(Rate = mean(Birth.Rate), LCL = mean(LCL), UCL = mean(UCL))"
"0","glimpse(dataWNC2)"
"1","Observations: 34
"
"1","Variables: 5
"
"1","$ County <chr> ""avery"", ""avery"", ""buncombe"", ""buncombe"", ""cherokee"", ""cherokee"", ""clay"", ""clay"", ""g...
"
"1","$ Year   <int> 2005, 2015, 2005, 2015, 2005, 2015, 2005, 2015, 2005, 2015, 2005, 2015, 2005, 2015, ...
"
"1","$ Rate   <dbl> 29.12801, 19.22596, 41.33918, 20.15835, 49.01279, 31.34409, 36.04017, 25.75464, 60.7...
"
"1","$ LCL    <dbl> 24.25709, 15.40421, 38.43135, 18.07024, 42.65221, 26.06163, 28.79122, 19.94023, 50.6...
"
"1","$ UCL    <dbl> 34.52126, 23.60105, 44.37346, 22.38211, 55.89046, 37.25042, 44.21954, 32.52032, 71.9...
"
"0","dataWNC2 %>%"
"0","  filter(Year == 2015) %>%"
"0","  ggplot(aes(x = reorder(County, Rate), y = Rate)) +"
"0","  geom_bar(stat = ""identity"", fill = ""black"") +"
"0","  coord_flip() +"
"0","  xlab(""Western North Carolina Counties"") +"
"0","  ylab(""Birth Rate with Error Bars"") +"
"0","  labs(title = ""Birth Rates of Western North Carolina by County"","
"0","       subtitle = ""Source: Centers for Disease Control (CDC)"") +"
"0","  geom_errorbar(aes(x= County, ymin = LCL, ymax = UCL), color = ""red"")"
